time,trial,heart_rate,activity
1,0,49,Sitting
2,0,49,Sitting
3,0,50,Sitting
4,0,50,Sitting
5,0,51,Sitting
6,0,51,Sitting
7,0,51,Sitting
8,0,51,Sitting
9,0,53,Sitting
10,0,55,Sitting
11,0,55,Sitting
12,0,54,Sitting
13,0,51,Sitting
14,0,49,Sitting
15,0,48,Sitting
16,0,47,Sitting
17,0,47,Sitting
18,0,47,Sitting
19,0,47,Sitting
20,0,46,Sitting
21,0,46,Sitting
22,0,47,Sitting
23,0,48,Sitting
24,0,48,Sitting
25,0,49,Sitting
26,0,49,Sitting
27,0,50,Sitting
28,0,50,Sitting
29,0,51,Sitting
30,0,54,Sitting
31,0,54,Sitting
32,0,55,Sitting
33,0,56,Sitting
34,0,57,Sitting
35,0,58,Sitting
36,0,59,Sitting
37,0,58,Sitting
38,0,56,Sitting
39,0,56,Sitting
40,0,56,Sitting
41,0,58,Sitting
42,0,59,Sitting
43,0,59,Sitting
44,0,57,Sitting
45,0,57,Sitting
46,0,56,Sitting
47,0,55,Sitting
48,0,54,Sitting
49,0,53,Sitting
50,0,53,Sitting
51,0,51,Sitting
52,0,50,Sitting
53,0,50,Sitting
54,0,50,Sitting
55,0,49,Sitting
56,0,49,Sitting
57,0,50,Sitting
58,0,52,Sitting
59,0,53,Sitting
60,0,51,Sitting
61,0,49,Sitting
62,0,48,Sitting
63,0,47,Sitting
64,0,47,Sitting
65,0,47,Sitting
66,0,48,Sitting
67,0,48,Sitting
68,0,49,Sitting
69,0,49,Sitting
70,0,50,Sitting
71,0,51,Sitting
72,0,50,Sitting
73,0,50,Sitting
74,0,52,Sitting
75,0,53,Sitting
76,0,53,Sitting
77,0,51,Sitting
78,0,51,Sitting
79,0,51,Sitting
80,0,52,Sitting
81,0,55,Sitting
82,0,57,Sitting
83,0,59,Sitting
84,0,59,Sitting
85,0,60,Sitting
86,0,57,Sitting
87,0,55,Sitting
88,0,54,Sitting
89,0,52,Sitting
90,0,51,Sitting
91,0,50,Sitting
92,0,50,Sitting
93,0,49,Sitting
94,0,49,Sitting
95,0,50,Sitting
96,0,50,Sitting
97,0,51,Sitting
98,0,54,Sitting
99,0,55,Sitting
100,0,55,Sitting
101,0,56,Sitting
102,0,56,Sitting
103,0,56,Sitting
104,0,56,Sitting
105,0,56,Sitting
106,0,55,Sitting
107,0,54,Sitting
108,0,54,Sitting
109,0,53,Sitting
110,0,55,Sitting
111,0,55,Sitting
112,0,55,Sitting
113,0,55,Sitting
114,0,54,Sitting
115,0,52,Sitting
116,0,51,Sitting
117,0,50,Sitting
118,0,50,Sitting
119,0,49,Sitting
120,0,49,Sitting
121,0,49,Sitting
122,0,49,Sitting
123,0,48,Sitting
124,0,49,Sitting
125,0,49,Sitting
126,0,49,Sitting
127,0,48,Sitting
128,0,48,Sitting
129,0,48,Sitting
130,0,48,Sitting
131,0,49,Sitting
132,0,50,Sitting
133,0,50,Sitting
134,0,50,Sitting
135,0,50,Sitting
136,0,50,Sitting
137,0,50,Sitting
138,0,50,Sitting
139,0,50,Sitting
140,0,51,Sitting
141,0,51,Sitting
142,0,52,Sitting
143,0,54,Sitting
144,0,54,Sitting
145,0,53,Sitting
146,0,53,Sitting
147,0,53,Sitting
148,0,54,Sitting
149,0,55,Sitting
150,0,56,Sitting
151,0,56,Sitting
152,0,56,Sitting
153,0,56,Sitting
154,0,58,Sitting
155,0,60,Sitting
156,0,61,Sitting
157,0,61,Sitting
158,0,61,Sitting
159,0,60,Sitting
160,0,58,Sitting
161,0,56,Sitting
162,0,54,Sitting
163,0,52,Sitting
164,0,52,Sitting
165,0,52,Sitting
166,0,52,Sitting
167,0,51,Sitting
168,0,51,Sitting
169,0,52,Sitting
170,0,54,Sitting
171,0,56,Sitting
172,0,57,Sitting
173,0,58,Sitting
174,0,58,Sitting
175,0,57,Sitting
176,0,55,Sitting
177,0,53,Sitting
178,0,51,Sitting
179,0,51,Sitting
180,0,51,Sitting
181,0,51,Sitting
182,0,50,Sitting
183,0,50,Sitting
184,0,51,Sitting
185,0,52,Sitting
186,0,54,Sitting
187,0,54,Sitting
188,0,54,Sitting
189,0,54,Sitting
190,0,54,Sitting
191,0,54,Sitting
192,0,54,Sitting
193,0,55,Sitting
194,0,56,Sitting
195,0,56,Sitting
196,0,56,Sitting
197,0,55,Sitting
198,0,54,Sitting
199,0,54,Sitting
200,0,55,Sitting
201,0,58,Sitting
202,0,59,Sitting
203,0,58,Sitting
204,0,53,Sitting
205,0,51,Sitting
206,0,50,Sitting
207,0,50,Sitting
208,0,52,Sitting
209,0,53,Sitting
210,0,52,Sitting
211,0,52,Sitting
212,0,51,Sitting
213,0,49,Sitting
214,0,49,Sitting
215,0,48,Sitting
216,0,48,Sitting
217,0,48,Sitting
218,0,49,Sitting
219,0,50,Sitting
220,0,50,Sitting
221,0,49,Sitting
222,0,49,Sitting
223,0,48,Sitting
224,0,46,Sitting
225,0,46,Sitting
226,0,46,Sitting
227,0,48,Sitting
228,0,49,Sitting
229,0,49,Sitting
230,0,50,Sitting
231,0,51,Sitting
232,0,51,Sitting
233,0,49,Sitting
234,0,49,Sitting
235,0,49,Sitting
236,0,48,Sitting
237,0,49,Sitting
238,0,49,Sitting
239,0,50,Sitting
240,0,50,Sitting
241,0,50,Sitting
242,0,50,Sitting
243,0,51,Sitting
244,0,51,Sitting
245,0,51,Sitting
246,0,55,Sitting
247,0,58,Sitting
248,0,60,Sitting
249,0,61,Sitting
250,0,61,Sitting
251,0,61,Sitting
252,0,57,Sitting
253,0,54,Sitting
254,0,53,Sitting
255,0,53,Sitting
256,0,53,Sitting
257,0,53,Sitting
258,0,53,Sitting
259,0,53,Sitting
260,0,53,Sitting
261,0,53,Sitting
262,0,52,Sitting
263,0,52,Sitting
264,0,53,Sitting
265,0,53,Sitting
266,0,53,Sitting
267,0,53,Sitting
268,0,51,Sitting
269,0,49,Sitting
270,0,47,Sitting
271,0,47,Sitting
272,0,47,Sitting
273,0,48,Sitting
274,0,48,Sitting
275,0,49,Sitting
276,0,51,Sitting
277,0,54,Sitting
278,0,55,Sitting
279,0,55,Sitting
280,0,55,Sitting
281,0,53,Sitting
282,0,50,Sitting
283,0,49,Sitting
284,0,50,Sitting
285,0,51,Sitting
286,0,50,Sitting
287,0,49,Sitting
288,0,48,Sitting
289,0,47,Sitting
290,0,47,Sitting
291,0,47,Sitting
292,0,48,Sitting
293,0,48,Sitting
294,0,48,Sitting
295,0,46,Sitting
296,0,46,Sitting
297,0,47,Sitting
298,0,47,Sitting
299,0,47,Sitting
300,0,46,Sitting
1,1,56,Sitting
2,1,56,Sitting
3,1,57,Sitting
4,1,57,Sitting
5,1,57,Sitting
6,1,57,Sitting
7,1,57,Sitting
8,1,57,Sitting
9,1,58,Sitting
10,1,59,Sitting
11,1,59,Sitting
12,1,59,Sitting
13,1,62,Sitting
14,1,63,Sitting
15,1,63,Sitting
16,1,62,Sitting
17,1,61,Sitting
18,1,63,Sitting
19,1,63,Sitting
20,1,64,Sitting
21,1,66,Sitting
22,1,72,Sitting
23,1,79,Sitting
24,1,81,Sitting
25,1,84,Sitting
26,1,71,Sitting
27,1,64,Sitting
28,1,57,Sitting
29,1,54,Sitting
30,1,52,Sitting
31,1,51,Sitting
32,1,52,Sitting
33,1,53,Sitting
34,1,55,Sitting
35,1,55,Sitting
36,1,55,Sitting
37,1,54,Sitting
38,1,55,Sitting
39,1,55,Sitting
40,1,55,Sitting
41,1,52,Sitting
42,1,51,Sitting
43,1,50,Sitting
44,1,49,Sitting
45,1,49,Sitting
46,1,50,Sitting
47,1,52,Sitting
48,1,53,Sitting
49,1,54,Sitting
50,1,54,Sitting
51,1,54,Sitting
52,1,54,Sitting
53,1,54,Sitting
54,1,54,Sitting
55,1,55,Sitting
56,1,56,Sitting
57,1,56,Sitting
58,1,58,Sitting
59,1,60,Sitting
60,1,61,Sitting
61,1,64,Sitting
62,1,68,Sitting
63,1,69,Sitting
64,1,69,Sitting
65,1,70,Sitting
66,1,70,Sitting
67,1,69,Sitting
68,1,69,Sitting
69,1,68,Sitting
70,1,68,Sitting
71,1,71,Sitting
72,1,74,Sitting
73,1,59,Sitting
74,1,55,Sitting
75,1,54,Sitting
76,1,54,Sitting
77,1,53,Sitting
78,1,51,Sitting
79,1,50,Sitting
80,1,50,Sitting
81,1,49,Sitting
82,1,48,Sitting
83,1,47,Sitting
84,1,47,Sitting
85,1,47,Sitting
86,1,47,Sitting
87,1,47,Sitting
88,1,47,Sitting
89,1,49,Sitting
90,1,49,Sitting
91,1,49,Sitting
92,1,49,Sitting
93,1,49,Sitting
94,1,48,Sitting
95,1,47,Sitting
96,1,47,Sitting
97,1,47,Sitting
98,1,50,Sitting
99,1,50,Sitting
100,1,50,Sitting
101,1,50,Sitting
102,1,51,Sitting
103,1,51,Sitting
104,1,54,Sitting
105,1,54,Sitting
106,1,55,Sitting
107,1,55,Sitting
108,1,56,Sitting
109,1,57,Sitting
110,1,57,Sitting
111,1,54,Sitting
112,1,51,Sitting
113,1,51,Sitting
114,1,51,Sitting
115,1,51,Sitting
116,1,52,Sitting
117,1,52,Sitting
118,1,55,Sitting
119,1,55,Sitting
120,1,55,Sitting
121,1,55,Sitting
122,1,55,Sitting
123,1,54,Sitting
124,1,53,Sitting
125,1,51,Sitting
126,1,51,Sitting
127,1,51,Sitting
128,1,51,Sitting
129,1,51,Sitting
130,1,52,Sitting
131,1,53,Sitting
132,1,52,Sitting
133,1,52,Sitting
134,1,52,Sitting
135,1,51,Sitting
136,1,51,Sitting
137,1,51,Sitting
138,1,53,Sitting
139,1,53,Sitting
140,1,53,Sitting
141,1,52,Sitting
142,1,52,Sitting
143,1,52,Sitting
144,1,52,Sitting
145,1,52,Sitting
146,1,52,Sitting
147,1,53,Sitting
148,1,58,Sitting
149,1,59,Sitting
150,1,59,Sitting
151,1,58,Sitting
152,1,56,Sitting
153,1,54,Sitting
154,1,54,Sitting
155,1,53,Sitting
156,1,51,Sitting
157,1,50,Sitting
158,1,50,Sitting
159,1,51,Sitting
160,1,52,Sitting
161,1,55,Sitting
162,1,58,Sitting
163,1,59,Sitting
164,1,58,Sitting
165,1,58,Sitting
166,1,58,Sitting
167,1,58,Sitting
168,1,58,Sitting
169,1,57,Sitting
170,1,55,Sitting
171,1,53,Sitting
172,1,52,Sitting
173,1,52,Sitting
174,1,52,Sitting
175,1,53,Sitting
176,1,53,Sitting
177,1,52,Sitting
178,1,49,Sitting
179,1,48,Sitting
180,1,48,Sitting
181,1,51,Sitting
182,1,54,Sitting
183,1,54,Sitting
184,1,54,Sitting
185,1,52,Sitting
186,1,49,Sitting
187,1,47,Sitting
188,1,47,Sitting
189,1,47,Sitting
190,1,47,Sitting
191,1,47,Sitting
192,1,53,Sitting
193,1,57,Sitting
194,1,58,Sitting
195,1,59,Sitting
196,1,59,Sitting
197,1,59,Sitting
198,1,59,Sitting
199,1,55,Sitting
200,1,53,Sitting
201,1,51,Sitting
202,1,50,Sitting
203,1,50,Sitting
204,1,51,Sitting
205,1,51,Sitting
206,1,54,Sitting
207,1,56,Sitting
208,1,57,Sitting
209,1,58,Sitting
210,1,59,Sitting
211,1,61,Sitting
212,1,62,Sitting
213,1,62,Sitting
214,1,61,Sitting
215,1,58,Sitting
216,1,57,Sitting
217,1,55,Sitting
218,1,53,Sitting
219,1,53,Sitting
220,1,53,Sitting
221,1,53,Sitting
222,1,54,Sitting
223,1,54,Sitting
224,1,54,Sitting
225,1,55,Sitting
226,1,55,Sitting
227,1,54,Sitting
228,1,53,Sitting
229,1,53,Sitting
230,1,53,Sitting
231,1,53,Sitting
232,1,53,Sitting
233,1,53,Sitting
234,1,54,Sitting
235,1,55,Sitting
236,1,55,Sitting
237,1,54,Sitting
238,1,53,Sitting
239,1,52,Sitting
240,1,52,Sitting
241,1,52,Sitting
242,1,53,Sitting
243,1,52,Sitting
244,1,51,Sitting
245,1,51,Sitting
246,1,52,Sitting
247,1,52,Sitting
248,1,51,Sitting
249,1,50,Sitting
250,1,49,Sitting
251,1,49,Sitting
252,1,50,Sitting
253,1,51,Sitting
254,1,51,Sitting
255,1,51,Sitting
256,1,52,Sitting
257,1,53,Sitting
258,1,53,Sitting
259,1,51,Sitting
260,1,50,Sitting
261,1,50,Sitting
262,1,51,Sitting
263,1,51,Sitting
264,1,50,Sitting
265,1,49,Sitting
266,1,49,Sitting
267,1,49,Sitting
268,1,48,Sitting
269,1,49,Sitting
270,1,49,Sitting
271,1,49,Sitting
272,1,49,Sitting
273,1,51,Sitting
274,1,52,Sitting
275,1,52,Sitting
276,1,52,Sitting
277,1,52,Sitting
278,1,52,Sitting
279,1,52,Sitting
280,1,52,Sitting
281,1,50,Sitting
282,1,50,Sitting
283,1,50,Sitting
284,1,52,Sitting
285,1,53,Sitting
286,1,54,Sitting
287,1,54,Sitting
288,1,55,Sitting
289,1,56,Sitting
290,1,59,Sitting
291,1,60,Sitting
292,1,60,Sitting
293,1,59,Sitting
294,1,57,Sitting
295,1,55,Sitting
296,1,53,Sitting
297,1,51,Sitting
298,1,49,Sitting
299,1,48,Sitting
300,1,48,Sitting
1,2,50,Sitting
2,2,50,Sitting
3,2,51,Sitting
4,2,51,Sitting
5,2,51,Sitting
6,2,51,Sitting
7,2,51,Sitting
8,2,51,Sitting
9,2,51,Sitting
10,2,49,Sitting
11,2,48,Sitting
12,2,48,Sitting
13,2,48,Sitting
14,2,48,Sitting
15,2,47,Sitting
16,2,47,Sitting
17,2,47,Sitting
18,2,47,Sitting
19,2,47,Sitting
20,2,46,Sitting
21,2,46,Sitting
22,2,46,Sitting
23,2,47,Sitting
24,2,49,Sitting
25,2,50,Sitting
26,2,51,Sitting
27,2,50,Sitting
28,2,49,Sitting
29,2,48,Sitting
30,2,48,Sitting
31,2,50,Sitting
32,2,50,Sitting
33,2,49,Sitting
34,2,49,Sitting
35,2,50,Sitting
36,2,50,Sitting
37,2,50,Sitting
38,2,50,Sitting
39,2,51,Sitting
40,2,52,Sitting
41,2,52,Sitting
42,2,53,Sitting
43,2,55,Sitting
44,2,54,Sitting
45,2,53,Sitting
46,2,52,Sitting
47,2,52,Sitting
48,2,52,Sitting
49,2,51,Sitting
50,2,51,Sitting
51,2,50,Sitting
52,2,51,Sitting
53,2,52,Sitting
54,2,52,Sitting
55,2,51,Sitting
56,2,49,Sitting
57,2,48,Sitting
58,2,48,Sitting
59,2,47,Sitting
60,2,48,Sitting
61,2,48,Sitting
62,2,47,Sitting
63,2,47,Sitting
64,2,48,Sitting
65,2,48,Sitting
66,2,49,Sitting
67,2,50,Sitting
68,2,51,Sitting
69,2,52,Sitting
70,2,52,Sitting
71,2,50,Sitting
72,2,49,Sitting
73,2,49,Sitting
74,2,50,Sitting
75,2,50,Sitting
76,2,51,Sitting
77,2,51,Sitting
78,2,51,Sitting
79,2,53,Sitting
80,2,53,Sitting
81,2,52,Sitting
82,2,52,Sitting
83,2,52,Sitting
84,2,52,Sitting
85,2,52,Sitting
86,2,52,Sitting
87,2,54,Sitting
88,2,59,Sitting
89,2,61,Sitting
90,2,63,Sitting
91,2,63,Sitting
92,2,63,Sitting
93,2,63,Sitting
94,2,64,Sitting
95,2,65,Sitting
96,2,69,Sitting
97,2,72,Sitting
98,2,77,Sitting
99,2,80,Sitting
100,2,82,Sitting
101,2,84,Sitting
102,2,85,Sitting
103,2,87,Sitting
104,2,90,Sitting
105,2,75,Sitting
106,2,66,Sitting
107,2,62,Sitting
108,2,60,Sitting
109,2,57,Sitting
110,2,58,Sitting
111,2,60,Sitting
112,2,64,Sitting
113,2,66,Sitting
114,2,68,Sitting
115,2,72,Sitting
116,2,76,Sitting
117,2,79,Sitting
118,2,81,Sitting
119,2,83,Sitting
120,2,86,Sitting
121,2,89,Sitting
122,2,93,Sitting
123,2,97,Sitting
124,2,99,Sitting
125,2,99,Sitting
126,2,93,Sitting
127,2,90,Sitting
128,2,76,Sitting
129,2,75,Sitting
130,2,72,Sitting
131,2,71,Sitting
132,2,70,Sitting
133,2,70,Sitting
134,2,70,Sitting
135,2,70,Sitting
136,2,69,Sitting
137,2,69,Sitting
138,2,67,Sitting
139,2,59,Sitting
140,2,57,Sitting
141,2,54,Sitting
142,2,53,Sitting
143,2,52,Sitting
144,2,52,Sitting
145,2,53,Sitting
146,2,54,Sitting
147,2,55,Sitting
148,2,56,Sitting
149,2,55,Sitting
150,2,55,Sitting
151,2,55,Sitting
152,2,55,Sitting
153,2,54,Sitting
154,2,54,Sitting
155,2,54,Sitting
156,2,54,Sitting
157,2,54,Sitting
158,2,54,Sitting
159,2,55,Sitting
160,2,55,Sitting
161,2,55,Sitting
162,2,54,Sitting
163,2,55,Sitting
164,2,55,Sitting
165,2,55,Sitting
166,2,55,Sitting
167,2,55,Sitting
168,2,55,Sitting
169,2,54,Sitting
170,2,55,Sitting
171,2,55,Sitting
172,2,55,Sitting
173,2,54,Sitting
174,2,53,Sitting
175,2,53,Sitting
176,2,53,Sitting
177,2,53,Sitting
178,2,52,Sitting
179,2,53,Sitting
180,2,52,Sitting
181,2,52,Sitting
182,2,52,Sitting
183,2,52,Sitting
184,2,52,Sitting
185,2,52,Sitting
186,2,52,Sitting
187,2,52,Sitting
188,2,51,Sitting
189,2,52,Sitting
190,2,52,Sitting
191,2,52,Sitting
192,2,53,Sitting
193,2,53,Sitting
194,2,53,Sitting
195,2,55,Sitting
196,2,56,Sitting
197,2,57,Sitting
198,2,57,Sitting
199,2,54,Sitting
200,2,51,Sitting
201,2,51,Sitting
202,2,51,Sitting
203,2,51,Sitting
204,2,55,Sitting
205,2,58,Sitting
206,2,60,Sitting
207,2,61,Sitting
208,2,62,Sitting
209,2,67,Sitting
210,2,70,Sitting
211,2,71,Sitting
212,2,71,Sitting
213,2,71,Sitting
214,2,72,Sitting
215,2,72,Sitting
216,2,73,Sitting
217,2,67,Sitting
218,2,58,Sitting
219,2,54,Sitting
220,2,53,Sitting
221,2,53,Sitting
222,2,53,Sitting
223,2,53,Sitting
224,2,53,Sitting
225,2,53,Sitting
226,2,52,Sitting
227,2,52,Sitting
228,2,53,Sitting
229,2,53,Sitting
230,2,54,Sitting
231,2,55,Sitting
232,2,56,Sitting
233,2,56,Sitting
234,2,55,Sitting
235,2,55,Sitting
236,2,55,Sitting
237,2,55,Sitting
238,2,56,Sitting
239,2,56,Sitting
240,2,55,Sitting
241,2,53,Sitting
242,2,53,Sitting
243,2,53,Sitting
244,2,54,Sitting
245,2,55,Sitting
246,2,56,Sitting
247,2,60,Sitting
248,2,61,Sitting
249,2,64,Sitting
250,2,64,Sitting
251,2,66,Sitting
252,2,66,Sitting
253,2,69,Sitting
254,2,66,Sitting
255,2,59,Sitting
256,2,58,Sitting
257,2,57,Sitting
258,2,56,Sitting
259,2,54,Sitting
260,2,52,Sitting
261,2,52,Sitting
262,2,52,Sitting
263,2,52,Sitting
264,2,53,Sitting
265,2,53,Sitting
266,2,53,Sitting
267,2,53,Sitting
268,2,52,Sitting
269,2,52,Sitting
270,2,52,Sitting
271,2,52,Sitting
272,2,52,Sitting
273,2,52,Sitting
274,2,53,Sitting
275,2,53,Sitting
276,2,53,Sitting
277,2,56,Sitting
278,2,57,Sitting
279,2,57,Sitting
280,2,59,Sitting
281,2,62,Sitting
282,2,65,Sitting
283,2,67,Sitting
284,2,69,Sitting
285,2,72,Sitting
286,2,75,Sitting
287,2,74,Sitting
288,2,76,Sitting
289,2,85,Sitting
290,2,74,Sitting
291,2,67,Sitting
292,2,63,Sitting
293,2,61,Sitting
294,2,58,Sitting
295,2,57,Sitting
296,2,57,Sitting
297,2,57,Sitting
298,2,57,Sitting
299,2,57,Sitting
300,2,57,Sitting
1,0,60,Walking
2,0,60,Walking
3,0,62,Walking
4,0,64,Walking
5,0,64,Walking
6,0,64,Walking
7,0,65,Walking
8,0,65,Walking
9,0,66,Walking
10,0,69,Walking
11,0,75,Walking
12,0,76,Walking
13,0,78,Walking
14,0,79,Walking
15,0,80,Walking
16,0,80,Walking
17,0,81,Walking
18,0,82,Walking
19,0,83,Walking
20,0,83,Walking
21,0,83,Walking
22,0,83,Walking
23,0,83,Walking
24,0,83,Walking
25,0,83,Walking
26,0,84,Walking
27,0,87,Walking
28,0,88,Walking
29,0,89,Walking
30,0,90,Walking
31,0,91,Walking
32,0,90,Walking
33,0,90,Walking
34,0,90,Walking
35,0,90,Walking
36,0,90,Walking
37,0,90,Walking
38,0,90,Walking
39,0,90,Walking
40,0,93,Walking
41,0,95,Walking
42,0,95,Walking
43,0,95,Walking
44,0,94,Walking
45,0,94,Walking
46,0,94,Walking
47,0,94,Walking
48,0,93,Walking
49,0,92,Walking
50,0,92,Walking
51,0,92,Walking
52,0,92,Walking
53,0,93,Walking
54,0,93,Walking
55,0,93,Walking
56,0,92,Walking
57,0,92,Walking
58,0,93,Walking
59,0,93,Walking
60,0,93,Walking
61,0,93,Walking
62,0,94,Walking
63,0,93,Walking
64,0,92,Walking
65,0,92,Walking
66,0,91,Walking
67,0,91,Walking
68,0,90,Walking
69,0,91,Walking
70,0,92,Walking
71,0,93,Walking
72,0,92,Walking
73,0,92,Walking
74,0,91,Walking
75,0,89,Walking
76,0,89,Walking
77,0,89,Walking
78,0,90,Walking
79,0,90,Walking
80,0,90,Walking
81,0,90,Walking
82,0,90,Walking
83,0,91,Walking
84,0,91,Walking
85,0,92,Walking
86,0,93,Walking
87,0,94,Walking
88,0,94,Walking
89,0,94,Walking
90,0,93,Walking
91,0,92,Walking
92,0,92,Walking
93,0,90,Walking
94,0,90,Walking
95,0,89,Walking
96,0,89,Walking
97,0,89,Walking
98,0,89,Walking
99,0,89,Walking
100,0,90,Walking
101,0,90,Walking
102,0,90,Walking
103,0,92,Walking
104,0,93,Walking
105,0,94,Walking
106,0,95,Walking
107,0,95,Walking
108,0,95,Walking
109,0,95,Walking
110,0,95,Walking
111,0,96,Walking
112,0,97,Walking
113,0,97,Walking
114,0,98,Walking
115,0,98,Walking
116,0,98,Walking
117,0,98,Walking
118,0,98,Walking
119,0,98,Walking
120,0,98,Walking
121,0,96,Walking
122,0,95,Walking
123,0,94,Walking
124,0,94,Walking
125,0,94,Walking
126,0,93,Walking
127,0,94,Walking
128,0,94,Walking
129,0,94,Walking
130,0,94,Walking
131,0,93,Walking
132,0,93,Walking
133,0,93,Walking
134,0,93,Walking
135,0,94,Walking
136,0,95,Walking
137,0,96,Walking
138,0,95,Walking
139,0,94,Walking
140,0,94,Walking
141,0,94,Walking
142,0,94,Walking
143,0,93,Walking
144,0,92,Walking
145,0,92,Walking
146,0,92,Walking
147,0,92,Walking
148,0,92,Walking
149,0,92,Walking
150,0,91,Walking
151,0,92,Walking
152,0,92,Walking
153,0,92,Walking
154,0,93,Walking
155,0,93,Walking
156,0,94,Walking
157,0,93,Walking
158,0,92,Walking
159,0,92,Walking
160,0,93,Walking
161,0,92,Walking
162,0,92,Walking
163,0,92,Walking
164,0,92,Walking
165,0,92,Walking
166,0,91,Walking
167,0,90,Walking
168,0,91,Walking
169,0,92,Walking
170,0,92,Walking
171,0,91,Walking
172,0,91,Walking
173,0,91,Walking
174,0,91,Walking
175,0,91,Walking
176,0,91,Walking
177,0,91,Walking
178,0,92,Walking
179,0,93,Walking
180,0,93,Walking
181,0,93,Walking
182,0,92,Walking
183,0,92,Walking
184,0,92,Walking
185,0,92,Walking
186,0,92,Walking
187,0,92,Walking
188,0,92,Walking
189,0,93,Walking
190,0,92,Walking
191,0,89,Walking
192,0,89,Walking
193,0,89,Walking
194,0,88,Walking
195,0,88,Walking
196,0,88,Walking
197,0,88,Walking
198,0,88,Walking
199,0,88,Walking
200,0,88,Walking
201,0,87,Walking
202,0,87,Walking
203,0,87,Walking
204,0,89,Walking
205,0,89,Walking
206,0,90,Walking
207,0,89,Walking
208,0,89,Walking
209,0,89,Walking
210,0,90,Walking
211,0,90,Walking
212,0,90,Walking
213,0,90,Walking
214,0,89,Walking
215,0,89,Walking
216,0,89,Walking
217,0,90,Walking
218,0,90,Walking
219,0,90,Walking
220,0,90,Walking
221,0,90,Walking
222,0,90,Walking
223,0,90,Walking
224,0,90,Walking
225,0,91,Walking
226,0,91,Walking
227,0,92,Walking
228,0,92,Walking
229,0,93,Walking
230,0,93,Walking
231,0,93,Walking
232,0,91,Walking
233,0,92,Walking
234,0,92,Walking
235,0,92,Walking
236,0,91,Walking
237,0,91,Walking
238,0,91,Walking
239,0,92,Walking
240,0,93,Walking
241,0,93,Walking
242,0,93,Walking
243,0,93,Walking
244,0,93,Walking
245,0,93,Walking
246,0,92,Walking
247,0,92,Walking
248,0,92,Walking
249,0,92,Walking
250,0,92,Walking
251,0,92,Walking
252,0,92,Walking
253,0,92,Walking
254,0,92,Walking
255,0,91,Walking
256,0,91,Walking
257,0,90,Walking
258,0,89,Walking
259,0,89,Walking
260,0,88,Walking
261,0,88,Walking
262,0,88,Walking
263,0,89,Walking
264,0,89,Walking
265,0,89,Walking
266,0,89,Walking
267,0,89,Walking
268,0,89,Walking
269,0,89,Walking
270,0,88,Walking
271,0,88,Walking
272,0,88,Walking
273,0,88,Walking
274,0,86,Walking
275,0,86,Walking
276,0,87,Walking
277,0,87,Walking
278,0,88,Walking
279,0,88,Walking
280,0,88,Walking
281,0,89,Walking
282,0,89,Walking
283,0,87,Walking
284,0,84,Walking
285,0,84,Walking
286,0,84,Walking
287,0,84,Walking
288,0,85,Walking
289,0,89,Walking
290,0,96,Walking
291,0,97,Walking
292,0,97,Walking
293,0,96,Walking
294,0,96,Walking
295,0,96,Walking
296,0,94,Walking
297,0,93,Walking
298,0,92,Walking
299,0,93,Walking
300,0,93,Walking
1,1,63,Walking
2,1,62,Walking
3,1,62,Walking
4,1,63,Walking
5,1,64,Walking
6,1,66,Walking
7,1,68,Walking
8,1,71,Walking
9,1,73,Walking
10,1,75,Walking
11,1,77,Walking
12,1,79,Walking
13,1,81,Walking
14,1,83,Walking
15,1,84,Walking
16,1,85,Walking
17,1,86,Walking
18,1,87,Walking
19,1,86,Walking
20,1,86,Walking
21,1,85,Walking
22,1,84,Walking
23,1,84,Walking
24,1,84,Walking
25,1,85,Walking
26,1,86,Walking
27,1,87,Walking
28,1,88,Walking
29,1,89,Walking
30,1,89,Walking
31,1,90,Walking
32,1,89,Walking
33,1,88,Walking
34,1,87,Walking
35,1,87,Walking
36,1,86,Walking
37,1,86,Walking
38,1,87,Walking
39,1,88,Walking
40,1,89,Walking
41,1,89,Walking
42,1,90,Walking
43,1,91,Walking
44,1,91,Walking
45,1,91,Walking
46,1,90,Walking
47,1,89,Walking
48,1,89,Walking
49,1,89,Walking
50,1,89,Walking
51,1,89,Walking
52,1,90,Walking
53,1,91,Walking
54,1,92,Walking
55,1,93,Walking
56,1,94,Walking
57,1,94,Walking
58,1,94,Walking
59,1,94,Walking
60,1,93,Walking
61,1,92,Walking
62,1,91,Walking
63,1,90,Walking
64,1,90,Walking
65,1,89,Walking
66,1,89,Walking
67,1,89,Walking
68,1,89,Walking
69,1,89,Walking
70,1,89,Walking
71,1,89,Walking
72,1,88,Walking
73,1,88,Walking
74,1,89,Walking
75,1,88,Walking
76,1,88,Walking
77,1,87,Walking
78,1,87,Walking
79,1,87,Walking
80,1,87,Walking
81,1,87,Walking
82,1,87,Walking
83,1,88,Walking
84,1,89,Walking
85,1,89,Walking
86,1,89,Walking
87,1,89,Walking
88,1,88,Walking
89,1,88,Walking
90,1,88,Walking
91,1,89,Walking
92,1,89,Walking
93,1,90,Walking
94,1,90,Walking
95,1,90,Walking
96,1,90,Walking
97,1,89,Walking
98,1,88,Walking
99,1,88,Walking
100,1,88,Walking
101,1,89,Walking
102,1,90,Walking
103,1,90,Walking
104,1,91,Walking
105,1,91,Walking
106,1,90,Walking
107,1,90,Walking
108,1,89,Walking
109,1,89,Walking
110,1,89,Walking
111,1,91,Walking
112,1,92,Walking
113,1,93,Walking
114,1,94,Walking
115,1,95,Walking
116,1,96,Walking
117,1,97,Walking
118,1,97,Walking
119,1,97,Walking
120,1,97,Walking
121,1,94,Walking
122,1,92,Walking
123,1,92,Walking
124,1,92,Walking
125,1,93,Walking
126,1,94,Walking
127,1,94,Walking
128,1,93,Walking
129,1,93,Walking
130,1,93,Walking
131,1,93,Walking
132,1,92,Walking
133,1,89,Walking
134,1,88,Walking
135,1,88,Walking
136,1,89,Walking
137,1,90,Walking
138,1,91,Walking
139,1,90,Walking
140,1,90,Walking
141,1,90,Walking
142,1,90,Walking
143,1,89,Walking
144,1,88,Walking
145,1,88,Walking
146,1,88,Walking
147,1,88,Walking
148,1,88,Walking
149,1,89,Walking
150,1,89,Walking
151,1,89,Walking
152,1,89,Walking
153,1,88,Walking
154,1,88,Walking
155,1,86,Walking
156,1,85,Walking
157,1,86,Walking
158,1,88,Walking
159,1,89,Walking
160,1,89,Walking
161,1,89,Walking
162,1,89,Walking
163,1,88,Walking
164,1,86,Walking
165,1,85,Walking
166,1,85,Walking
167,1,85,Walking
168,1,85,Walking
169,1,85,Walking
170,1,85,Walking
171,1,86,Walking
172,1,87,Walking
173,1,86,Walking
174,1,87,Walking
175,1,87,Walking
176,1,87,Walking
177,1,88,Walking
178,1,89,Walking
179,1,89,Walking
180,1,89,Walking
181,1,89,Walking
182,1,88,Walking
183,1,88,Walking
184,1,88,Walking
185,1,88,Walking
186,1,88,Walking
187,1,88,Walking
188,1,89,Walking
189,1,89,Walking
190,1,89,Walking
191,1,88,Walking
192,1,86,Walking
193,1,85,Walking
194,1,85,Walking
195,1,84,Walking
196,1,84,Walking
197,1,85,Walking
198,1,86,Walking
199,1,86,Walking
200,1,87,Walking
201,1,88,Walking
202,1,88,Walking
203,1,88,Walking
204,1,88,Walking
205,1,87,Walking
206,1,87,Walking
207,1,87,Walking
208,1,87,Walking
209,1,87,Walking
210,1,90,Walking
211,1,91,Walking
212,1,91,Walking
213,1,90,Walking
214,1,90,Walking
215,1,88,Walking
216,1,87,Walking
217,1,87,Walking
218,1,87,Walking
219,1,88,Walking
220,1,90,Walking
221,1,90,Walking
222,1,91,Walking
223,1,91,Walking
224,1,91,Walking
225,1,92,Walking
226,1,93,Walking
227,1,92,Walking
228,1,92,Walking
229,1,92,Walking
230,1,92,Walking
231,1,92,Walking
232,1,92,Walking
233,1,92,Walking
234,1,92,Walking
235,1,92,Walking
236,1,93,Walking
237,1,93,Walking
238,1,93,Walking
239,1,93,Walking
240,1,93,Walking
241,1,93,Walking
242,1,93,Walking
243,1,93,Walking
244,1,93,Walking
245,1,92,Walking
246,1,92,Walking
247,1,89,Walking
248,1,87,Walking
249,1,89,Walking
250,1,90,Walking
251,1,90,Walking
252,1,89,Walking
253,1,89,Walking
254,1,89,Walking
255,1,89,Walking
256,1,88,Walking
257,1,87,Walking
258,1,88,Walking
259,1,88,Walking
260,1,89,Walking
261,1,89,Walking
262,1,89,Walking
263,1,89,Walking
264,1,91,Walking
265,1,92,Walking
266,1,92,Walking
267,1,92,Walking
268,1,93,Walking
269,1,93,Walking
270,1,93,Walking
271,1,94,Walking
272,1,94,Walking
273,1,94,Walking
274,1,93,Walking
275,1,92,Walking
276,1,90,Walking
277,1,89,Walking
278,1,88,Walking
279,1,88,Walking
280,1,88,Walking
281,1,88,Walking
282,1,90,Walking
283,1,91,Walking
284,1,91,Walking
285,1,92,Walking
286,1,91,Walking
287,1,91,Walking
288,1,90,Walking
289,1,90,Walking
290,1,90,Walking
291,1,90,Walking
292,1,90,Walking
293,1,90,Walking
294,1,90,Walking
295,1,90,Walking
296,1,89,Walking
297,1,88,Walking
298,1,88,Walking
299,1,88,Walking
300,1,90,Walking
1,2,68,Walking
2,2,69,Walking
3,2,71,Walking
4,2,71,Walking
5,2,71,Walking
6,2,73,Walking
7,2,73,Walking
8,2,73,Walking
9,2,74,Walking
10,2,77,Walking
11,2,81,Walking
12,2,82,Walking
13,2,83,Walking
14,2,84,Walking
15,2,85,Walking
16,2,87,Walking
17,2,87,Walking
18,2,88,Walking
19,2,88,Walking
20,2,88,Walking
21,2,88,Walking
22,2,88,Walking
23,2,88,Walking
24,2,88,Walking
25,2,88,Walking
26,2,88,Walking
27,2,88,Walking
28,2,88,Walking
29,2,88,Walking
30,2,90,Walking
31,2,90,Walking
32,2,90,Walking
33,2,89,Walking
34,2,89,Walking
35,2,89,Walking
36,2,89,Walking
37,2,89,Walking
38,2,90,Walking
39,2,90,Walking
40,2,90,Walking
41,2,89,Walking
42,2,88,Walking
43,2,87,Walking
44,2,86,Walking
45,2,85,Walking
46,2,85,Walking
47,2,85,Walking
48,2,85,Walking
49,2,85,Walking
50,2,86,Walking
51,2,86,Walking
52,2,86,Walking
53,2,85,Walking
54,2,86,Walking
55,2,86,Walking
56,2,86,Walking
57,2,86,Walking
58,2,87,Walking
59,2,86,Walking
60,2,87,Walking
61,2,87,Walking
62,2,88,Walking
63,2,88,Walking
64,2,88,Walking
65,2,88,Walking
66,2,88,Walking
67,2,88,Walking
68,2,88,Walking
69,2,89,Walking
70,2,89,Walking
71,2,91,Walking
72,2,91,Walking
73,2,92,Walking
74,2,92,Walking
75,2,92,Walking
76,2,92,Walking
77,2,91,Walking
78,2,91,Walking
79,2,90,Walking
80,2,90,Walking
81,2,92,Walking
82,2,92,Walking
83,2,94,Walking
84,2,94,Walking
85,2,94,Walking
86,2,93,Walking
87,2,88,Walking
88,2,87,Walking
89,2,85,Walking
90,2,85,Walking
91,2,84,Walking
92,2,84,Walking
93,2,84,Walking
94,2,84,Walking
95,2,84,Walking
96,2,85,Walking
97,2,86,Walking
98,2,88,Walking
99,2,89,Walking
100,2,89,Walking
101,2,89,Walking
102,2,89,Walking
103,2,88,Walking
104,2,87,Walking
105,2,88,Walking
106,2,88,Walking
107,2,88,Walking
108,2,88,Walking
109,2,88,Walking
110,2,88,Walking
111,2,89,Walking
112,2,93,Walking
113,2,95,Walking
114,2,96,Walking
115,2,97,Walking
116,2,97,Walking
117,2,97,Walking
118,2,97,Walking
119,2,94,Walking
120,2,91,Walking
121,2,89,Walking
122,2,88,Walking
123,2,87,Walking
124,2,88,Walking
125,2,89,Walking
126,2,89,Walking
127,2,90,Walking
128,2,90,Walking
129,2,90,Walking
130,2,90,Walking
131,2,90,Walking
132,2,90,Walking
133,2,89,Walking
134,2,89,Walking
135,2,89,Walking
136,2,89,Walking
137,2,90,Walking
138,2,90,Walking
139,2,90,Walking
140,2,90,Walking
141,2,90,Walking
142,2,90,Walking
143,2,90,Walking
144,2,90,Walking
145,2,87,Walking
146,2,84,Walking
147,2,83,Walking
148,2,83,Walking
149,2,83,Walking
150,2,85,Walking
151,2,85,Walking
152,2,86,Walking
153,2,85,Walking
154,2,85,Walking
155,2,84,Walking
156,2,84,Walking
157,2,83,Walking
158,2,83,Walking
159,2,83,Walking
160,2,82,Walking
161,2,80,Walking
162,2,79,Walking
163,2,80,Walking
164,2,81,Walking
165,2,82,Walking
166,2,82,Walking
167,2,84,Walking
168,2,83,Walking
169,2,83,Walking
170,2,83,Walking
171,2,83,Walking
172,2,84,Walking
173,2,87,Walking
174,2,88,Walking
175,2,89,Walking
176,2,89,Walking
177,2,89,Walking
178,2,89,Walking
179,2,89,Walking
180,2,88,Walking
181,2,89,Walking
182,2,88,Walking
183,2,88,Walking
184,2,89,Walking
185,2,89,Walking
186,2,89,Walking
187,2,88,Walking
188,2,88,Walking
189,2,88,Walking
190,2,89,Walking
191,2,89,Walking
192,2,90,Walking
193,2,90,Walking
194,2,89,Walking
195,2,89,Walking
196,2,89,Walking
197,2,89,Walking
198,2,88,Walking
199,2,87,Walking
200,2,86,Walking
201,2,85,Walking
202,2,84,Walking
203,2,85,Walking
204,2,86,Walking
205,2,87,Walking
206,2,87,Walking
207,2,87,Walking
208,2,87,Walking
209,2,87,Walking
210,2,87,Walking
211,2,87,Walking
212,2,87,Walking
213,2,87,Walking
214,2,88,Walking
215,2,88,Walking
216,2,89,Walking
217,2,91,Walking
218,2,91,Walking
219,2,91,Walking
220,2,91,Walking
221,2,90,Walking
222,2,88,Walking
223,2,86,Walking
224,2,86,Walking
225,2,86,Walking
226,2,87,Walking
227,2,89,Walking
228,2,89,Walking
229,2,89,Walking
230,2,89,Walking
231,2,87,Walking
232,2,86,Walking
233,2,86,Walking
234,2,85,Walking
235,2,85,Walking
236,2,85,Walking
237,2,86,Walking
238,2,87,Walking
239,2,88,Walking
240,2,89,Walking
241,2,89,Walking
242,2,89,Walking
243,2,88,Walking
244,2,87,Walking
245,2,87,Walking
246,2,87,Walking
247,2,87,Walking
248,2,90,Walking
249,2,90,Walking
250,2,90,Walking
251,2,90,Walking
252,2,90,Walking
253,2,89,Walking
254,2,88,Walking
255,2,87,Walking
256,2,87,Walking
257,2,87,Walking
258,2,88,Walking
259,2,87,Walking
260,2,87,Walking
261,2,87,Walking
262,2,87,Walking
263,2,88,Walking
264,2,88,Walking
265,2,89,Walking
266,2,89,Walking
267,2,90,Walking
268,2,90,Walking
269,2,91,Walking
270,2,91,Walking
271,2,91,Walking
272,2,90,Walking
273,2,90,Walking
274,2,91,Walking
275,2,92,Walking
276,2,92,Walking
277,2,93,Walking
278,2,93,Walking
279,2,93,Walking
280,2,92,Walking
281,2,91,Walking
282,2,90,Walking
283,2,88,Walking
284,2,87,Walking
285,2,87,Walking
286,2,88,Walking
287,2,89,Walking
288,2,90,Walking
289,2,90,Walking
290,2,90,Walking
291,2,90,Walking
292,2,90,Walking
293,2,88,Walking
294,2,86,Walking
295,2,86,Walking
296,2,86,Walking
297,2,86,Walking
298,2,87,Walking
299,2,88,Walking
300,2,88,Walking
1,0,66,Jogging
2,0,68,Jogging
3,0,70,Jogging
4,0,71,Jogging
5,0,71,Jogging
6,0,71,Jogging
7,0,71,Jogging
8,0,71,Jogging
9,0,70,Jogging
10,0,70,Jogging
11,0,71,Jogging
12,0,72,Jogging
13,0,72,Jogging
14,0,73,Jogging
15,0,72,Jogging
16,0,72,Jogging
17,0,72,Jogging
18,0,72,Jogging
19,0,72,Jogging
20,0,72,Jogging
21,0,72,Jogging
22,0,73,Jogging
23,0,74,Jogging
24,0,74,Jogging
25,0,74,Jogging
26,0,74,Jogging
27,0,75,Jogging
28,0,75,Jogging
29,0,80,Jogging
30,0,94,Jogging
31,0,102,Jogging
32,0,105,Jogging
33,0,108,Jogging
34,0,109,Jogging
35,0,111,Jogging
36,0,111,Jogging
37,0,111,Jogging
38,0,112,Jogging
39,0,112,Jogging
40,0,112,Jogging
41,0,112,Jogging
42,0,112,Jogging
43,0,112,Jogging
44,0,113,Jogging
45,0,114,Jogging
46,0,115,Jogging
47,0,116,Jogging
48,0,117,Jogging
49,0,117,Jogging
50,0,117,Jogging
51,0,119,Jogging
52,0,119,Jogging
53,0,120,Jogging
54,0,120,Jogging
55,0,120,Jogging
56,0,121,Jogging
57,0,122,Jogging
58,0,124,Jogging
59,0,126,Jogging
60,0,127,Jogging
61,0,129,Jogging
62,0,129,Jogging
63,0,130,Jogging
64,0,131,Jogging
65,0,132,Jogging
66,0,132,Jogging
67,0,133,Jogging
68,0,134,Jogging
69,0,134,Jogging
70,0,134,Jogging
71,0,135,Jogging
72,0,135,Jogging
73,0,135,Jogging
74,0,136,Jogging
75,0,138,Jogging
76,0,138,Jogging
77,0,138,Jogging
78,0,139,Jogging
79,0,139,Jogging
80,0,138,Jogging
81,0,138,Jogging
82,0,138,Jogging
83,0,139,Jogging
84,0,139,Jogging
85,0,139,Jogging
86,0,139,Jogging
87,0,139,Jogging
88,0,140,Jogging
89,0,140,Jogging
90,0,140,Jogging
91,0,140,Jogging
92,0,140,Jogging
93,0,140,Jogging
94,0,140,Jogging
95,0,141,Jogging
96,0,141,Jogging
97,0,141,Jogging
98,0,141,Jogging
99,0,142,Jogging
100,0,142,Jogging
101,0,142,Jogging
102,0,143,Jogging
103,0,143,Jogging
104,0,143,Jogging
105,0,144,Jogging
106,0,145,Jogging
107,0,145,Jogging
108,0,145,Jogging
109,0,145,Jogging
110,0,146,Jogging
111,0,147,Jogging
112,0,147,Jogging
113,0,147,Jogging
114,0,148,Jogging
115,0,148,Jogging
116,0,148,Jogging
117,0,148,Jogging
118,0,148,Jogging
119,0,148,Jogging
120,0,148,Jogging
121,0,149,Jogging
122,0,148,Jogging
123,0,148,Jogging
124,0,148,Jogging
125,0,148,Jogging
126,0,149,Jogging
127,0,149,Jogging
128,0,149,Jogging
129,0,149,Jogging
130,0,148,Jogging
131,0,148,Jogging
132,0,148,Jogging
133,0,148,Jogging
134,0,148,Jogging
135,0,148,Jogging
136,0,148,Jogging
137,0,148,Jogging
138,0,148,Jogging
139,0,148,Jogging
140,0,149,Jogging
141,0,149,Jogging
142,0,149,Jogging
143,0,150,Jogging
144,0,151,Jogging
145,0,151,Jogging
146,0,150,Jogging
147,0,150,Jogging
148,0,150,Jogging
149,0,150,Jogging
150,0,151,Jogging
151,0,151,Jogging
152,0,151,Jogging
153,0,150,Jogging
154,0,150,Jogging
155,0,149,Jogging
156,0,149,Jogging
157,0,149,Jogging
158,0,149,Jogging
159,0,149,Jogging
160,0,149,Jogging
161,0,149,Jogging
162,0,149,Jogging
163,0,149,Jogging
164,0,149,Jogging
165,0,149,Jogging
166,0,150,Jogging
167,0,150,Jogging
168,0,150,Jogging
169,0,151,Jogging
170,0,151,Jogging
171,0,152,Jogging
172,0,152,Jogging
173,0,152,Jogging
174,0,153,Jogging
175,0,154,Jogging
176,0,153,Jogging
177,0,153,Jogging
178,0,154,Jogging
179,0,153,Jogging
180,0,152,Jogging
181,0,151,Jogging
182,0,151,Jogging
183,0,151,Jogging
184,0,151,Jogging
185,0,151,Jogging
186,0,152,Jogging
187,0,152,Jogging
188,0,152,Jogging
189,0,153,Jogging
190,0,153,Jogging
191,0,152,Jogging
192,0,152,Jogging
193,0,152,Jogging
194,0,152,Jogging
195,0,152,Jogging
196,0,152,Jogging
197,0,152,Jogging
198,0,152,Jogging
199,0,154,Jogging
200,0,154,Jogging
201,0,155,Jogging
202,0,155,Jogging
203,0,154,Jogging
204,0,153,Jogging
205,0,152,Jogging
206,0,152,Jogging
207,0,153,Jogging
208,0,153,Jogging
209,0,153,Jogging
210,0,153,Jogging
211,0,153,Jogging
212,0,153,Jogging
213,0,153,Jogging
214,0,154,Jogging
215,0,154,Jogging
216,0,154,Jogging
217,0,153,Jogging
218,0,154,Jogging
219,0,154,Jogging
220,0,154,Jogging
221,0,154,Jogging
222,0,154,Jogging
223,0,153,Jogging
224,0,153,Jogging
225,0,153,Jogging
226,0,153,Jogging
227,0,154,Jogging
228,0,155,Jogging
229,0,155,Jogging
230,0,155,Jogging
231,0,155,Jogging
232,0,155,Jogging
233,0,155,Jogging
234,0,155,Jogging
235,0,156,Jogging
236,0,156,Jogging
237,0,156,Jogging
238,0,156,Jogging
239,0,156,Jogging
240,0,155,Jogging
241,0,155,Jogging
242,0,155,Jogging
243,0,155,Jogging
244,0,155,Jogging
245,0,155,Jogging
246,0,155,Jogging
247,0,154,Jogging
248,0,154,Jogging
249,0,154,Jogging
250,0,154,Jogging
251,0,154,Jogging
252,0,154,Jogging
253,0,154,Jogging
254,0,154,Jogging
255,0,154,Jogging
256,0,153,Jogging
257,0,154,Jogging
258,0,155,Jogging
259,0,155,Jogging
260,0,155,Jogging
261,0,155,Jogging
262,0,155,Jogging
263,0,155,Jogging
264,0,155,Jogging
265,0,155,Jogging
266,0,155,Jogging
267,0,155,Jogging
268,0,155,Jogging
269,0,156,Jogging
270,0,156,Jogging
271,0,157,Jogging
272,0,158,Jogging
273,0,161,Jogging
274,0,162,Jogging
275,0,163,Jogging
276,0,163,Jogging
277,0,163,Jogging
278,0,162,Jogging
279,0,161,Jogging
280,0,160,Jogging
281,0,161,Jogging
282,0,161,Jogging
283,0,162,Jogging
284,0,162,Jogging
285,0,163,Jogging
286,0,162,Jogging
287,0,161,Jogging
288,0,159,Jogging
289,0,159,Jogging
290,0,159,Jogging
291,0,159,Jogging
292,0,158,Jogging
293,0,158,Jogging
294,0,158,Jogging
295,0,159,Jogging
296,0,158,Jogging
297,0,159,Jogging
298,0,158,Jogging
299,0,158,Jogging
300,0,158,Jogging
1,1,75,Jogging
2,1,76,Jogging
3,1,77,Jogging
4,1,79,Jogging
5,1,80,Jogging
6,1,81,Jogging
7,1,81,Jogging
8,1,81,Jogging
9,1,81,Jogging
10,1,82,Jogging
11,1,84,Jogging
12,1,88,Jogging
13,1,95,Jogging
14,1,99,Jogging
15,1,105,Jogging
16,1,108,Jogging
17,1,110,Jogging
18,1,111,Jogging
19,1,111,Jogging
20,1,112,Jogging
21,1,115,Jogging
22,1,120,Jogging
23,1,124,Jogging
24,1,126,Jogging
25,1,126,Jogging
26,1,127,Jogging
27,1,129,Jogging
28,1,131,Jogging
29,1,133,Jogging
30,1,134,Jogging
31,1,136,Jogging
32,1,138,Jogging
33,1,138,Jogging
34,1,139,Jogging
35,1,139,Jogging
36,1,140,Jogging
37,1,140,Jogging
38,1,141,Jogging
39,1,142,Jogging
40,1,143,Jogging
41,1,143,Jogging
42,1,143,Jogging
43,1,142,Jogging
44,1,142,Jogging
45,1,142,Jogging
46,1,142,Jogging
47,1,143,Jogging
48,1,143,Jogging
49,1,142,Jogging
50,1,143,Jogging
51,1,143,Jogging
52,1,144,Jogging
53,1,145,Jogging
54,1,145,Jogging
55,1,145,Jogging
56,1,146,Jogging
57,1,147,Jogging
58,1,147,Jogging
59,1,147,Jogging
60,1,148,Jogging
61,1,148,Jogging
62,1,148,Jogging
63,1,148,Jogging
64,1,148,Jogging
65,1,149,Jogging
66,1,150,Jogging
67,1,150,Jogging
68,1,150,Jogging
69,1,150,Jogging
70,1,151,Jogging
71,1,151,Jogging
72,1,151,Jogging
73,1,151,Jogging
74,1,153,Jogging
75,1,153,Jogging
76,1,154,Jogging
77,1,153,Jogging
78,1,153,Jogging
79,1,153,Jogging
80,1,153,Jogging
81,1,153,Jogging
82,1,154,Jogging
83,1,154,Jogging
84,1,154,Jogging
85,1,153,Jogging
86,1,153,Jogging
87,1,154,Jogging
88,1,155,Jogging
89,1,155,Jogging
90,1,156,Jogging
91,1,158,Jogging
92,1,159,Jogging
93,1,159,Jogging
94,1,159,Jogging
95,1,159,Jogging
96,1,158,Jogging
97,1,158,Jogging
98,1,159,Jogging
99,1,159,Jogging
100,1,159,Jogging
101,1,159,Jogging
102,1,157,Jogging
103,1,157,Jogging
104,1,157,Jogging
105,1,157,Jogging
106,1,158,Jogging
107,1,159,Jogging
108,1,158,Jogging
109,1,158,Jogging
110,1,159,Jogging
111,1,159,Jogging
112,1,159,Jogging
113,1,158,Jogging
114,1,158,Jogging
115,1,159,Jogging
116,1,159,Jogging
117,1,159,Jogging
118,1,160,Jogging
119,1,160,Jogging
120,1,161,Jogging
121,1,161,Jogging
122,1,161,Jogging
123,1,161,Jogging
124,1,162,Jogging
125,1,162,Jogging
126,1,163,Jogging
127,1,163,Jogging
128,1,163,Jogging
129,1,163,Jogging
130,1,163,Jogging
131,1,162,Jogging
132,1,162,Jogging
133,1,161,Jogging
134,1,161,Jogging
135,1,160,Jogging
136,1,160,Jogging
137,1,159,Jogging
138,1,159,Jogging
139,1,159,Jogging
140,1,159,Jogging
141,1,159,Jogging
142,1,159,Jogging
143,1,159,Jogging
144,1,160,Jogging
145,1,160,Jogging
146,1,160,Jogging
147,1,162,Jogging
148,1,161,Jogging
149,1,161,Jogging
150,1,162,Jogging
151,1,162,Jogging
152,1,162,Jogging
153,1,162,Jogging
154,1,161,Jogging
155,1,160,Jogging
156,1,160,Jogging
157,1,161,Jogging
158,1,161,Jogging
159,1,161,Jogging
160,1,161,Jogging
161,1,160,Jogging
162,1,159,Jogging
163,1,158,Jogging
164,1,158,Jogging
165,1,159,Jogging
166,1,161,Jogging
167,1,162,Jogging
168,1,161,Jogging
169,1,161,Jogging
170,1,160,Jogging
171,1,159,Jogging
172,1,158,Jogging
173,1,159,Jogging
174,1,159,Jogging
175,1,160,Jogging
176,1,160,Jogging
177,1,160,Jogging
178,1,160,Jogging
179,1,160,Jogging
180,1,160,Jogging
181,1,160,Jogging
182,1,160,Jogging
183,1,160,Jogging
184,1,159,Jogging
185,1,159,Jogging
186,1,159,Jogging
187,1,160,Jogging
188,1,160,Jogging
189,1,159,Jogging
190,1,159,Jogging
191,1,159,Jogging
192,1,159,Jogging
193,1,159,Jogging
194,1,158,Jogging
195,1,158,Jogging
196,1,158,Jogging
197,1,159,Jogging
198,1,159,Jogging
199,1,159,Jogging
200,1,158,Jogging
201,1,158,Jogging
202,1,158,Jogging
203,1,158,Jogging
204,1,158,Jogging
205,1,158,Jogging
206,1,158,Jogging
207,1,158,Jogging
208,1,158,Jogging
209,1,158,Jogging
210,1,160,Jogging
211,1,160,Jogging
212,1,159,Jogging
213,1,159,Jogging
214,1,160,Jogging
215,1,160,Jogging
216,1,159,Jogging
217,1,159,Jogging
218,1,159,Jogging
219,1,160,Jogging
220,1,160,Jogging
221,1,159,Jogging
222,1,158,Jogging
223,1,158,Jogging
224,1,158,Jogging
225,1,158,Jogging
226,1,157,Jogging
227,1,157,Jogging
228,1,157,Jogging
229,1,157,Jogging
230,1,157,Jogging
231,1,157,Jogging
232,1,157,Jogging
233,1,157,Jogging
234,1,158,Jogging
235,1,158,Jogging
236,1,158,Jogging
237,1,158,Jogging
238,1,158,Jogging
239,1,158,Jogging
240,1,159,Jogging
241,1,159,Jogging
242,1,159,Jogging
243,1,158,Jogging
244,1,158,Jogging
245,1,156,Jogging
246,1,156,Jogging
247,1,156,Jogging
248,1,156,Jogging
249,1,156,Jogging
250,1,157,Jogging
251,1,157,Jogging
252,1,157,Jogging
253,1,157,Jogging
254,1,157,Jogging
255,1,157,Jogging
256,1,157,Jogging
257,1,157,Jogging
258,1,157,Jogging
259,1,157,Jogging
260,1,156,Jogging
261,1,155,Jogging
262,1,156,Jogging
263,1,156,Jogging
264,1,157,Jogging
265,1,158,Jogging
266,1,158,Jogging
267,1,158,Jogging
268,1,158,Jogging
269,1,158,Jogging
270,1,158,Jogging
271,1,158,Jogging
272,1,158,Jogging
273,1,158,Jogging
274,1,158,Jogging
275,1,159,Jogging
276,1,160,Jogging
277,1,159,Jogging
278,1,159,Jogging
279,1,158,Jogging
280,1,157,Jogging
281,1,157,Jogging
282,1,157,Jogging
283,1,157,Jogging
284,1,157,Jogging
285,1,157,Jogging
286,1,157,Jogging
287,1,157,Jogging
288,1,157,Jogging
289,1,158,Jogging
290,1,159,Jogging
291,1,160,Jogging
292,1,160,Jogging
293,1,160,Jogging
294,1,160,Jogging
295,1,160,Jogging
296,1,158,Jogging
297,1,158,Jogging
298,1,158,Jogging
299,1,158,Jogging
300,1,158,Jogging
1,2,79,Jogging
2,2,81,Jogging
3,2,82,Jogging
4,2,83,Jogging
5,2,84,Jogging
6,2,85,Jogging
7,2,87,Jogging
8,2,89,Jogging
9,2,90,Jogging
10,2,91,Jogging
11,2,91,Jogging
12,2,91,Jogging
13,2,86,Jogging
14,2,86,Jogging
15,2,86,Jogging
16,2,86,Jogging
17,2,85,Jogging
18,2,85,Jogging
19,2,85,Jogging
20,2,85,Jogging
21,2,90,Jogging
22,2,95,Jogging
23,2,101,Jogging
24,2,106,Jogging
25,2,109,Jogging
26,2,111,Jogging
27,2,114,Jogging
28,2,116,Jogging
29,2,118,Jogging
30,2,120,Jogging
31,2,123,Jogging
32,2,125,Jogging
33,2,128,Jogging
34,2,129,Jogging
35,2,130,Jogging
36,2,132,Jogging
37,2,133,Jogging
38,2,133,Jogging
39,2,134,Jogging
40,2,134,Jogging
41,2,135,Jogging
42,2,134,Jogging
43,2,134,Jogging
44,2,134,Jogging
45,2,134,Jogging
46,2,134,Jogging
47,2,134,Jogging
48,2,134,Jogging
49,2,135,Jogging
50,2,136,Jogging
51,2,136,Jogging
52,2,137,Jogging
53,2,138,Jogging
54,2,138,Jogging
55,2,139,Jogging
56,2,139,Jogging
57,2,140,Jogging
58,2,141,Jogging
59,2,141,Jogging
60,2,141,Jogging
61,2,141,Jogging
62,2,141,Jogging
63,2,142,Jogging
64,2,142,Jogging
65,2,142,Jogging
66,2,143,Jogging
67,2,143,Jogging
68,2,143,Jogging
69,2,143,Jogging
70,2,143,Jogging
71,2,143,Jogging
72,2,143,Jogging
73,2,144,Jogging
74,2,144,Jogging
75,2,144,Jogging
76,2,144,Jogging
77,2,144,Jogging
78,2,144,Jogging
79,2,144,Jogging
80,2,144,Jogging
81,2,144,Jogging
82,2,145,Jogging
83,2,146,Jogging
84,2,146,Jogging
85,2,147,Jogging
86,2,148,Jogging
87,2,148,Jogging
88,2,149,Jogging
89,2,149,Jogging
90,2,149,Jogging
91,2,149,Jogging
92,2,149,Jogging
93,2,151,Jogging
94,2,153,Jogging
95,2,153,Jogging
96,2,152,Jogging
97,2,151,Jogging
98,2,151,Jogging
99,2,151,Jogging
100,2,151,Jogging
101,2,150,Jogging
102,2,149,Jogging
103,2,149,Jogging
104,2,150,Jogging
105,2,150,Jogging
106,2,150,Jogging
107,2,150,Jogging
108,2,150,Jogging
109,2,150,Jogging
110,2,150,Jogging
111,2,150,Jogging
112,2,150,Jogging
113,2,150,Jogging
114,2,151,Jogging
115,2,151,Jogging
116,2,151,Jogging
117,2,150,Jogging
118,2,150,Jogging
119,2,150,Jogging
120,2,151,Jogging
121,2,151,Jogging
122,2,151,Jogging
123,2,151,Jogging
124,2,150,Jogging
125,2,150,Jogging
126,2,150,Jogging
127,2,150,Jogging
128,2,150,Jogging
129,2,149,Jogging
130,2,149,Jogging
131,2,150,Jogging
132,2,150,Jogging
133,2,150,Jogging
134,2,150,Jogging
135,2,150,Jogging
136,2,149,Jogging
137,2,148,Jogging
138,2,149,Jogging
139,2,150,Jogging
140,2,150,Jogging
141,2,150,Jogging
142,2,151,Jogging
143,2,151,Jogging
144,2,152,Jogging
145,2,153,Jogging
146,2,153,Jogging
147,2,152,Jogging
148,2,152,Jogging
149,2,152,Jogging
150,2,152,Jogging
151,2,152,Jogging
152,2,151,Jogging
153,2,151,Jogging
154,2,151,Jogging
155,2,151,Jogging
156,2,151,Jogging
157,2,151,Jogging
158,2,150,Jogging
159,2,150,Jogging
160,2,150,Jogging
161,2,150,Jogging
162,2,150,Jogging
163,2,149,Jogging
164,2,149,Jogging
165,2,149,Jogging
166,2,149,Jogging
167,2,148,Jogging
168,2,148,Jogging
169,2,148,Jogging
170,2,149,Jogging
171,2,149,Jogging
172,2,149,Jogging
173,2,150,Jogging
174,2,150,Jogging
175,2,151,Jogging
176,2,152,Jogging
177,2,151,Jogging
178,2,152,Jogging
179,2,151,Jogging
180,2,151,Jogging
181,2,152,Jogging
182,2,152,Jogging
183,2,152,Jogging
184,2,152,Jogging
185,2,151,Jogging
186,2,151,Jogging
187,2,152,Jogging
188,2,151,Jogging
189,2,151,Jogging
190,2,151,Jogging
191,2,151,Jogging
192,2,151,Jogging
193,2,151,Jogging
194,2,151,Jogging
195,2,152,Jogging
196,2,152,Jogging
197,2,152,Jogging
198,2,152,Jogging
199,2,151,Jogging
200,2,151,Jogging
201,2,152,Jogging
202,2,151,Jogging
203,2,151,Jogging
204,2,151,Jogging
205,2,151,Jogging
206,2,152,Jogging
207,2,152,Jogging
208,2,152,Jogging
209,2,151,Jogging
210,2,151,Jogging
211,2,151,Jogging
212,2,151,Jogging
213,2,151,Jogging
214,2,151,Jogging
215,2,151,Jogging
216,2,151,Jogging
217,2,152,Jogging
218,2,153,Jogging
219,2,152,Jogging
220,2,152,Jogging
221,2,153,Jogging
222,2,153,Jogging
223,2,153,Jogging
224,2,153,Jogging
225,2,153,Jogging
226,2,154,Jogging
227,2,154,Jogging
228,2,153,Jogging
229,2,153,Jogging
230,2,153,Jogging
231,2,152,Jogging
232,2,152,Jogging
233,2,152,Jogging
234,2,152,Jogging
235,2,152,Jogging
236,2,152,Jogging
237,2,152,Jogging
238,2,151,Jogging
239,2,151,Jogging
240,2,151,Jogging
241,2,152,Jogging
242,2,152,Jogging
243,2,152,Jogging
244,2,154,Jogging
245,2,155,Jogging
246,2,155,Jogging
247,2,156,Jogging
248,2,156,Jogging
249,2,156,Jogging
250,2,155,Jogging
251,2,155,Jogging
252,2,154,Jogging
253,2,154,Jogging
254,2,154,Jogging
255,2,154,Jogging
256,2,154,Jogging
257,2,154,Jogging
258,2,154,Jogging
259,2,155,Jogging
260,2,157,Jogging
261,2,157,Jogging
262,2,157,Jogging
263,2,157,Jogging
264,2,156,Jogging
265,2,155,Jogging
266,2,154,Jogging
267,2,154,Jogging
268,2,154,Jogging
269,2,154,Jogging
270,2,153,Jogging
271,2,153,Jogging
272,2,154,Jogging
273,2,152,Jogging
274,2,152,Jogging
275,2,152,Jogging
276,2,152,Jogging
277,2,152,Jogging
278,2,152,Jogging
279,2,152,Jogging
280,2,152,Jogging
281,2,152,Jogging
282,2,152,Jogging
283,2,153,Jogging
284,2,154,Jogging
285,2,155,Jogging
286,2,156,Jogging
287,2,157,Jogging
288,2,157,Jogging
289,2,157,Jogging
290,2,157,Jogging
291,2,157,Jogging
292,2,157,Jogging
293,2,157,Jogging
294,2,157,Jogging
295,2,157,Jogging
296,2,157,Jogging
297,2,158,Jogging
298,2,158,Jogging
299,2,158,Jogging
300,2,158,Jogging
1,0,98,Running
2,0,100,Running
3,0,102,Running
4,0,104,Running
5,0,104,Running
6,0,104,Running
7,0,104,Running
8,0,103,Running
9,0,95,Running
10,0,91,Running
11,0,90,Running
12,0,90,Running
13,0,90,Running
14,0,91,Running
15,0,91,Running
16,0,92,Running
17,0,94,Running
18,0,98,Running
19,0,100,Running
20,0,100,Running
21,0,109,Running
22,0,112,Running
23,0,116,Running
24,0,121,Running
25,0,125,Running
26,0,126,Running
27,0,130,Running
28,0,131,Running
29,0,132,Running
30,0,132,Running
31,0,132,Running
32,0,133,Running
33,0,133,Running
34,0,133,Running
35,0,133,Running
36,0,134,Running
37,0,139,Running
38,0,143,Running
39,0,144,Running
40,0,144,Running
41,0,143,Running
42,0,143,Running
43,0,143,Running
44,0,143,Running
45,0,144,Running
46,0,147,Running
47,0,156,Running
48,0,160,Running
49,0,161,Running
50,0,162,Running
51,0,163,Running
52,0,163,Running
53,0,164,Running
54,0,164,Running
55,0,164,Running
56,0,164,Running
57,0,164,Running
58,0,164,Running
59,0,164,Running
60,0,165,Running
61,0,165,Running
62,0,165,Running
63,0,165,Running
64,0,165,Running
65,0,165,Running
66,0,165,Running
67,0,166,Running
68,0,166,Running
69,0,166,Running
70,0,166,Running
71,0,166,Running
72,0,165,Running
73,0,165,Running
74,0,164,Running
75,0,164,Running
76,0,164,Running
77,0,164,Running
78,0,164,Running
79,0,163,Running
80,0,163,Running
81,0,164,Running
82,0,164,Running
83,0,164,Running
84,0,165,Running
85,0,165,Running
86,0,165,Running
87,0,165,Running
88,0,165,Running
89,0,165,Running
90,0,165,Running
91,0,166,Running
92,0,166,Running
93,0,166,Running
94,0,167,Running
95,0,167,Running
96,0,167,Running
97,0,167,Running
98,0,167,Running
99,0,167,Running
100,0,167,Running
101,0,167,Running
102,0,167,Running
103,0,168,Running
104,0,168,Running
105,0,168,Running
106,0,168,Running
107,0,169,Running
108,0,170,Running
109,0,171,Running
110,0,172,Running
111,0,172,Running
112,0,173,Running
113,0,173,Running
114,0,173,Running
115,0,173,Running
116,0,173,Running
117,0,174,Running
118,0,174,Running
119,0,174,Running
120,0,174,Running
121,0,174,Running
122,0,174,Running
123,0,173,Running
124,0,173,Running
125,0,173,Running
126,0,173,Running
127,0,173,Running
128,0,173,Running
129,0,173,Running
130,0,173,Running
131,0,173,Running
132,0,173,Running
133,0,174,Running
134,0,174,Running
135,0,174,Running
136,0,174,Running
137,0,174,Running
138,0,174,Running
139,0,174,Running
140,0,175,Running
141,0,175,Running
142,0,175,Running
143,0,176,Running
144,0,176,Running
145,0,177,Running
146,0,177,Running
147,0,177,Running
148,0,177,Running
149,0,177,Running
150,0,177,Running
151,0,177,Running
152,0,177,Running
153,0,177,Running
154,0,177,Running
155,0,177,Running
156,0,177,Running
157,0,176,Running
158,0,176,Running
159,0,175,Running
160,0,175,Running
161,0,174,Running
162,0,174,Running
163,0,175,Running
164,0,175,Running
165,0,175,Running
166,0,175,Running
167,0,175,Running
168,0,175,Running
169,0,175,Running
170,0,175,Running
171,0,175,Running
172,0,175,Running
173,0,175,Running
174,0,175,Running
175,0,175,Running
176,0,175,Running
177,0,176,Running
178,0,176,Running
179,0,176,Running
180,0,176,Running
181,0,176,Running
182,0,176,Running
183,0,176,Running
184,0,176,Running
185,0,176,Running
186,0,176,Running
187,0,177,Running
188,0,177,Running
189,0,178,Running
190,0,178,Running
191,0,178,Running
192,0,178,Running
193,0,178,Running
194,0,178,Running
195,0,178,Running
196,0,178,Running
197,0,178,Running
198,0,178,Running
199,0,178,Running
200,0,178,Running
201,0,178,Running
202,0,178,Running
203,0,178,Running
204,0,178,Running
205,0,178,Running
206,0,178,Running
207,0,177,Running
208,0,177,Running
209,0,176,Running
210,0,175,Running
211,0,174,Running
212,0,174,Running
213,0,174,Running
214,0,174,Running
215,0,174,Running
216,0,174,Running
217,0,173,Running
218,0,173,Running
219,0,173,Running
220,0,173,Running
221,0,173,Running
222,0,172,Running
223,0,172,Running
224,0,172,Running
225,0,172,Running
226,0,172,Running
227,0,172,Running
228,0,172,Running
229,0,172,Running
230,0,172,Running
231,0,172,Running
232,0,171,Running
233,0,170,Running
234,0,170,Running
235,0,169,Running
236,0,169,Running
237,0,169,Running
238,0,169,Running
239,0,170,Running
240,0,170,Running
241,0,170,Running
242,0,170,Running
243,0,170,Running
244,0,170,Running
245,0,170,Running
246,0,171,Running
247,0,172,Running
248,0,172,Running
249,0,172,Running
250,0,172,Running
251,0,172,Running
252,0,173,Running
253,0,173,Running
254,0,174,Running
255,0,174,Running
256,0,173,Running
257,0,173,Running
258,0,173,Running
259,0,173,Running
260,0,172,Running
261,0,171,Running
262,0,170,Running
263,0,169,Running
264,0,169,Running
265,0,169,Running
266,0,169,Running
267,0,169,Running
268,0,167,Running
269,0,167,Running
270,0,166,Running
271,0,165,Running
272,0,164,Running
273,0,163,Running
274,0,163,Running
275,0,163,Running
276,0,163,Running
277,0,162,Running
278,0,161,Running
279,0,161,Running
280,0,160,Running
281,0,159,Running
282,0,159,Running
283,0,158,Running
284,0,159,Running
285,0,159,Running
286,0,159,Running
287,0,160,Running
288,0,160,Running
289,0,160,Running
290,0,160,Running
291,0,160,Running
292,0,161,Running
293,0,161,Running
294,0,161,Running
295,0,162,Running
296,0,162,Running
297,0,162,Running
298,0,162,Running
299,0,162,Running
300,0,162,Running
1,1,88,Running
2,1,88,Running
3,1,89,Running
4,1,91,Running
5,1,92,Running
6,1,92,Running
7,1,92,Running
8,1,92,Running
9,1,93,Running
10,1,94,Running
11,1,96,Running
12,1,104,Running
13,1,110,Running
14,1,117,Running
15,1,120,Running
16,1,120,Running
17,1,120,Running
18,1,121,Running
19,1,122,Running
20,1,123,Running
21,1,125,Running
22,1,127,Running
23,1,129,Running
24,1,130,Running
25,1,130,Running
26,1,130,Running
27,1,132,Running
28,1,134,Running
29,1,139,Running
30,1,140,Running
31,1,140,Running
32,1,140,Running
33,1,143,Running
34,1,144,Running
35,1,144,Running
36,1,144,Running
37,1,144,Running
38,1,146,Running
39,1,147,Running
40,1,147,Running
41,1,147,Running
42,1,147,Running
43,1,146,Running
44,1,146,Running
45,1,146,Running
46,1,146,Running
47,1,146,Running
48,1,146,Running
49,1,147,Running
50,1,149,Running
51,1,151,Running
52,1,152,Running
53,1,152,Running
54,1,153,Running
55,1,153,Running
56,1,154,Running
57,1,154,Running
58,1,155,Running
59,1,155,Running
60,1,155,Running
61,1,155,Running
62,1,155,Running
63,1,156,Running
64,1,157,Running
65,1,159,Running
66,1,163,Running
67,1,165,Running
68,1,166,Running
69,1,166,Running
70,1,167,Running
71,1,168,Running
72,1,168,Running
73,1,168,Running
74,1,168,Running
75,1,168,Running
76,1,168,Running
77,1,168,Running
78,1,169,Running
79,1,169,Running
80,1,170,Running
81,1,171,Running
82,1,172,Running
83,1,172,Running
84,1,172,Running
85,1,173,Running
86,1,174,Running
87,1,174,Running
88,1,175,Running
89,1,176,Running
90,1,176,Running
91,1,176,Running
92,1,175,Running
93,1,176,Running
94,1,176,Running
95,1,176,Running
96,1,176,Running
97,1,176,Running
98,1,176,Running
99,1,176,Running
100,1,177,Running
101,1,177,Running
102,1,177,Running
103,1,177,Running
104,1,177,Running
105,1,177,Running
106,1,178,Running
107,1,178,Running
108,1,178,Running
109,1,178,Running
110,1,178,Running
111,1,178,Running
112,1,178,Running
113,1,178,Running
114,1,178,Running
115,1,178,Running
116,1,178,Running
117,1,178,Running
118,1,178,Running
119,1,178,Running
120,1,178,Running
121,1,178,Running
122,1,177,Running
123,1,176,Running
124,1,176,Running
125,1,175,Running
126,1,173,Running
127,1,173,Running
128,1,171,Running
129,1,169,Running
130,1,169,Running
131,1,168,Running
132,1,168,Running
133,1,167,Running
134,1,167,Running
135,1,166,Running
136,1,166,Running
137,1,166,Running
138,1,164,Running
139,1,163,Running
140,1,162,Running
141,1,162,Running
142,1,161,Running
143,1,160,Running
144,1,160,Running
145,1,160,Running
146,1,161,Running
147,1,161,Running
148,1,161,Running
149,1,163,Running
150,1,164,Running
151,1,164,Running
152,1,164,Running
153,1,165,Running
154,1,166,Running
155,1,168,Running
156,1,169,Running
157,1,169,Running
158,1,169,Running
159,1,169,Running
160,1,169,Running
161,1,169,Running
162,1,169,Running
163,1,169,Running
164,1,169,Running
165,1,168,Running
166,1,168,Running
167,1,168,Running
168,1,166,Running
169,1,165,Running
170,1,165,Running
171,1,165,Running
172,1,165,Running
173,1,163,Running
174,1,163,Running
175,1,162,Running
176,1,162,Running
177,1,162,Running
178,1,162,Running
179,1,161,Running
180,1,162,Running
181,1,162,Running
182,1,162,Running
183,1,162,Running
184,1,163,Running
185,1,164,Running
186,1,164,Running
187,1,164,Running
188,1,164,Running
189,1,165,Running
190,1,165,Running
191,1,165,Running
192,1,165,Running
193,1,165,Running
194,1,165,Running
195,1,165,Running
196,1,167,Running
197,1,168,Running
198,1,169,Running
199,1,170,Running
200,1,171,Running
201,1,171,Running
202,1,171,Running
203,1,172,Running
204,1,172,Running
205,1,172,Running
206,1,172,Running
207,1,172,Running
208,1,172,Running
209,1,172,Running
210,1,172,Running
211,1,172,Running
212,1,172,Running
213,1,172,Running
214,1,172,Running
215,1,171,Running
216,1,170,Running
217,1,169,Running
218,1,168,Running
219,1,166,Running
220,1,166,Running
221,1,166,Running
222,1,166,Running
223,1,166,Running
224,1,167,Running
225,1,167,Running
226,1,167,Running
227,1,167,Running
228,1,168,Running
229,1,168,Running
230,1,168,Running
231,1,168,Running
232,1,169,Running
233,1,171,Running
234,1,173,Running
235,1,174,Running
236,1,174,Running
237,1,174,Running
238,1,174,Running
239,1,176,Running
240,1,177,Running
241,1,178,Running
242,1,178,Running
243,1,178,Running
244,1,178,Running
245,1,178,Running
246,1,179,Running
247,1,180,Running
248,1,180,Running
249,1,180,Running
250,1,180,Running
251,1,180,Running
252,1,181,Running
253,1,182,Running
254,1,183,Running
255,1,183,Running
256,1,183,Running
257,1,183,Running
258,1,183,Running
259,1,183,Running
260,1,183,Running
261,1,182,Running
262,1,183,Running
263,1,183,Running
264,1,183,Running
265,1,183,Running
266,1,183,Running
267,1,183,Running
268,1,183,Running
269,1,183,Running
270,1,183,Running
271,1,184,Running
272,1,184,Running
273,1,184,Running
274,1,184,Running
275,1,184,Running
276,1,183,Running
277,1,183,Running
278,1,183,Running
279,1,183,Running
280,1,183,Running
281,1,183,Running
282,1,183,Running
283,1,183,Running
284,1,183,Running
285,1,183,Running
286,1,182,Running
287,1,181,Running
288,1,180,Running
289,1,180,Running
290,1,180,Running
291,1,179,Running
292,1,179,Running
293,1,179,Running
294,1,179,Running
295,1,179,Running
296,1,178,Running
297,1,177,Running
298,1,177,Running
299,1,177,Running
300,1,177,Running
1,2,89,Running
2,2,90,Running
3,2,94,Running
4,2,95,Running
5,2,95,Running
6,2,95,Running
7,2,96,Running
8,2,99,Running
9,2,113,Running
10,2,116,Running
11,2,118,Running
12,2,120,Running
13,2,121,Running
14,2,124,Running
15,2,126,Running
16,2,127,Running
17,2,129,Running
18,2,133,Running
19,2,133,Running
20,2,134,Running
21,2,135,Running
22,2,136,Running
23,2,138,Running
24,2,139,Running
25,2,143,Running
26,2,146,Running
27,2,147,Running
28,2,148,Running
29,2,149,Running
30,2,149,Running
31,2,150,Running
32,2,150,Running
33,2,150,Running
34,2,150,Running
35,2,153,Running
36,2,157,Running
37,2,158,Running
38,2,159,Running
39,2,159,Running
40,2,160,Running
41,2,160,Running
42,2,161,Running
43,2,162,Running
44,2,162,Running
45,2,163,Running
46,2,163,Running
47,2,165,Running
48,2,166,Running
49,2,166,Running
50,2,166,Running
51,2,166,Running
52,2,166,Running
53,2,166,Running
54,2,167,Running
55,2,168,Running
56,2,170,Running
57,2,170,Running
58,2,171,Running
59,2,171,Running
60,2,171,Running
61,2,171,Running
62,2,171,Running
63,2,171,Running
64,2,171,Running
65,2,171,Running
66,2,171,Running
67,2,172,Running
68,2,171,Running
69,2,172,Running
70,2,172,Running
71,2,172,Running
72,2,172,Running
73,2,172,Running
74,2,172,Running
75,2,173,Running
76,2,173,Running
77,2,173,Running
78,2,173,Running
79,2,173,Running
80,2,173,Running
81,2,173,Running
82,2,173,Running
83,2,172,Running
84,2,172,Running
85,2,172,Running
86,2,172,Running
87,2,172,Running
88,2,173,Running
89,2,173,Running
90,2,173,Running
91,2,173,Running
92,2,173,Running
93,2,172,Running
94,2,171,Running
95,2,171,Running
96,2,171,Running
97,2,171,Running
98,2,171,Running
99,2,171,Running
100,2,171,Running
101,2,171,Running
102,2,171,Running
103,2,171,Running
104,2,172,Running
105,2,172,Running
106,2,172,Running
107,2,172,Running
108,2,172,Running
109,2,172,Running
110,2,172,Running
111,2,172,Running
112,2,172,Running
113,2,173,Running
114,2,173,Running
115,2,173,Running
116,2,173,Running
117,2,173,Running
118,2,173,Running
119,2,173,Running
120,2,173,Running
121,2,173,Running
122,2,173,Running
123,2,173,Running
124,2,173,Running
125,2,172,Running
126,2,172,Running
127,2,172,Running
128,2,173,Running
129,2,173,Running
130,2,173,Running
131,2,173,Running
132,2,173,Running
133,2,173,Running
134,2,174,Running
135,2,173,Running
136,2,172,Running
137,2,171,Running
138,2,169,Running
139,2,169,Running
140,2,169,Running
141,2,169,Running
142,2,169,Running
143,2,168,Running
144,2,166,Running
145,2,165,Running
146,2,165,Running
147,2,165,Running
148,2,165,Running
149,2,165,Running
150,2,163,Running
151,2,163,Running
152,2,163,Running
153,2,162,Running
154,2,162,Running
155,2,161,Running
156,2,161,Running
157,2,161,Running
158,2,161,Running
159,2,161,Running
160,2,161,Running
161,2,161,Running
162,2,161,Running
163,2,161,Running
164,2,162,Running
165,2,163,Running
166,2,164,Running
167,2,164,Running
168,2,164,Running
169,2,164,Running
170,2,164,Running
171,2,165,Running
172,2,165,Running
173,2,165,Running
174,2,165,Running
175,2,166,Running
176,2,166,Running
177,2,167,Running
178,2,168,Running
179,2,170,Running
180,2,169,Running
181,2,169,Running
182,2,169,Running
183,2,169,Running
184,2,169,Running
185,2,169,Running
186,2,168,Running
187,2,168,Running
188,2,168,Running
189,2,167,Running
190,2,166,Running
191,2,165,Running
192,2,165,Running
193,2,164,Running
194,2,164,Running
195,2,164,Running
196,2,163,Running
197,2,163,Running
198,2,163,Running
199,2,161,Running
200,2,160,Running
201,2,159,Running
202,2,159,Running
203,2,159,Running
204,2,159,Running
205,2,159,Running
206,2,159,Running
207,2,160,Running
208,2,159,Running
209,2,159,Running
210,2,158,Running
211,2,158,Running
212,2,158,Running
213,2,158,Running
214,2,158,Running
215,2,158,Running
216,2,158,Running
217,2,158,Running
218,2,157,Running
219,2,157,Running
220,2,157,Running
221,2,157,Running
222,2,157,Running
223,2,156,Running
224,2,156,Running
225,2,155,Running
226,2,155,Running
227,2,155,Running
228,2,155,Running
229,2,155,Running
230,2,155,Running
231,2,154,Running
232,2,154,Running
233,2,155,Running
234,2,155,Running
235,2,155,Running
236,2,156,Running
237,2,156,Running
238,2,156,Running
239,2,156,Running
240,2,157,Running
241,2,157,Running
242,2,157,Running
243,2,157,Running
244,2,157,Running
245,2,157,Running
246,2,157,Running
247,2,158,Running
248,2,158,Running
249,2,158,Running
250,2,158,Running
251,2,158,Running
252,2,158,Running
253,2,157,Running
254,2,157,Running
255,2,157,Running
256,2,157,Running
257,2,157,Running
258,2,157,Running
259,2,157,Running
260,2,157,Running
261,2,156,Running
262,2,156,Running
263,2,157,Running
264,2,157,Running
265,2,156,Running
266,2,157,Running
267,2,157,Running
268,2,157,Running
269,2,157,Running
270,2,157,Running
271,2,157,Running
272,2,156,Running
273,2,156,Running
274,2,156,Running
275,2,156,Running
276,2,155,Running
277,2,155,Running
278,2,155,Running
279,2,155,Running
280,2,155,Running
281,2,155,Running
282,2,155,Running
283,2,154,Running
284,2,154,Running
285,2,154,Running
286,2,155,Running
287,2,156,Running
288,2,157,Running
289,2,157,Running
290,2,157,Running
291,2,158,Running
292,2,158,Running
293,2,158,Running
294,2,158,Running
295,2,158,Running
296,2,158,Running
297,2,158,Running
298,2,158,Running
299,2,159,Running
300,2,159,Running
